<?xml version="1.0" encoding="UTF-8"?>
<extension type="module" version="3.2" client="site" method="upgrade">

	<name>MOD_TRISTANSRESPONSIVESLIDER</name>
	<author>Tristan Brookes</author>
	<creationDate>March 2016</creationDate>
	<copyright>Copyright (C) 2016 Tristan Brookes</copyright>
	<license>GNU General Public License version 2 or later</license>
	<authorEmail>tristan@tristanbrook.es</authorEmail>
	<authorURL>https://tristanbrook.es</authorURL>
	<version>0.1</version>
	<description>MOD_TRISTANSRESPONSIVESLIDER_DESC</description>

	<files>
		<filename>mod_tristansResponsiveSlider.xml</filename>
		<filename module="mod_tristansResponsiveSlider">mod_tristansResponsiveSlider.php</filename>
		<filename>helper.php</filename>
		<filename>index.html</filename>
		<folder>tmpl</folder>
		<folder>assets</folder>
		<folder>language</folder>
		<folder>build</folder>
	</files>

	<languages>
		<language tag="en-GB">language/en-GB/en-GB.mod_tristansResponsiveSlider.ini</language>
		<language tag="en-GB">language/en-GB/en-GB.mod_tristansResponsiveSlider.sys.ini</language>
	</languages>

	<scriptfile>create_script.php</scriptfile>

	<config>
		<fields name="params">
			<fieldset name="images" label="MOD_TRISTANSRESPONSIVESLIDER_IMAGES_AND_CSS">
				<field name="imageExplain" type="note" label="MOD_TRISTANSRESPONSIVESLIDER_IMAGE_EXPLAIN" />
				<field name="slides" type="repeatable" icon="image" description="" label="MOD_TRISTANSRESPONSIVESLIDER_SLIDES">
					<fieldset hidden="true" name="slides_modal" repeat="true">
						<field name="slide_image" type="imagelist" label="MOD_TRISTANSRESPONSIVESLIDER_SLIDE_IMAGE" directory="/images/mod_tristansResponsiveSlider" hide_none="true" hide_default="true" description="MOD_TRISTANSRESPONSIVESLIDER_SLIDE_IMAGE_DESC" />
						<field name="slide_alt" type="text" label="MOD_TRISTANSRESPONSIVESLIDER_SLIDE_ALT" description="MOD_TRISTANSRESPONSIVESLIDER_SLIDE_ALT_DESC" />
						<field name="slide_caption" type="textarea" label="MOD_TRISTANSRESPONSIVESLIDER_SLIDE_CAPTION" rows="4" cols="" description="MOD_TRISTANSRESPONSIVESLIDER_SLIDE_CAPTION_DESC" />
					</fieldset>
				</field>
				<field name="cssExplain" type="note" label="MOD_TRISTANSRESPONSIVESLIDER_CSS_EXPLAIN" />
				<field name="customCSS" type="textarea" label="MOD_TRISTANSRESPONSIVESLIDER_CUSTOM_CSS" rows="8" cols="" description="MOD_TRISTANSRESPONSIVESLIDER_CUSTOM_CSS_DESC" />
			</fieldset>

			<fieldset name="animation" label="MOD_TRISTANSRESPONSIVESLIDER_ANIMATION_OPTIONS">
				<field name="animation_type" type="radio" default="slide" label="MOD_TRISTANSRESPONSIVESLIDER_ANIMATION_TYPE" description="MOD_TRISTANSRESPONSIVESLIDER_ANIMATION_TYPE_DESC">
					<option value="slide">MOD_TRISTANSRESPONSIVESLIDER_SLIDE</option>
					<option value="fade">MOD_TRISTANSRESPONSIVESLIDER_FADE</option>
				</field>
				<field name="animation_direction" type="radio" default="horizontal" label="MOD_TRISTANSRESPONSIVESLIDER_ANIMATION_DIRECTION" description="MOD_TRISTANSRESPONSIVESLIDER_ANIMATION_DIRECTION_DESC">
					<option value="horizontal">MOD_TRISTANSRESPONSIVESLIDER_HORIZONTAL</option>
					<option value="vertical">MOD_TRISTANSRESPONSIVESLIDER_VERTICAL</option>
				</field>
				<field name="animation_reverse" type="radio" default="true" label="MOD_TRISTANSRESPONSIVESLIDER_ANIMATION_REVERSE" description="MOD_TRISTANSRESPONSIVESLIDER_ANIMATION_REVERSE_DESC">
					<option value="true">JYES</option>
					<option value="false">JNO</option>
				</field>
				<field name="animation_loop" type="radio" default="true" label="MOD_TRISTANSRESPONSIVESLIDER_ANIMATION_LOOP" description="MOD_TRISTANSRESPONSIVESLIDER_ANIMATION_LOOP_DESC">
					<option value="true">JYES</option>
					<option value="false">JNO</option>
				</field>
				<field name="smooth_height" type="radio" default="false" label="MOD_TRISTANSRESPONSIVESLIDER_SMOOTH_HEIGHT" description="MOD_TRISTANSRESPONSIVESLIDER_SMOOTH_HEIGHT_DESC">
					<option value="true">JYES</option>
					<option value="false">JNO</option>
				</field>
				<field name="slideshow_speed" type="number" default="7000" label="MOD_TRISTANSRESPONSIVESLIDER_SLIDE_SPEED" description="MOD_TRISTANSRESPONSIVESLIDER_SLIDE_SPEED_DESC" />
				<field name="animation_speed" type="number" default="600" label="MOD_TRISTANSRESPONSIVESLIDER_ANIMATION_SPEED" description="MOD_TRISTANSRESPONSIVESLIDER_ANIMATION_SPEED_DESC" />
			</fieldset>

			<fieldset name="other" label="MOD_TRISTANSRESPONSIVESLIDER_OTHER_OPTIONS">
				<field name="randomize" type="radio" default="false" label="MOD_TRISTANSRESPONSIVESLIDER_RANDOMISE" description="MOD_TRISTANSRESPONSIVESLIDER_RANDOMISE_DESC">
					<option value="true">JYES</option>
					<option value="false">JNO</option>
				</field>
				<field name="pause_on_hover" type="radio" default="false" label="MOD_TRISTANSRESPONSIVESLIDER_PAUSE_ON_HOVER" description="MOD_TRISTANSRESPONSIVESLIDER_PAUSE_ON_HOVER_DESC">
					<option value="true">JYES</option>
					<option value="false">JNO</option>
				</field>
				<field name="control_nav" type="radio" default="true" label="MOD_TRISTANSRESPONSIVESLIDER_CONTROL_NAV" description="MOD_TRISTANSRESPONSIVESLIDER_CONTROL_NAV_DESC">
					<option value="true">JYES</option>
					<option value="false">JNO</option>
				</field>
				<field name="direction_nav" type="radio" default="true" label="MOD_TRISTANSRESPONSIVESLIDER_DIRECTION_NAV" description="MOD_TRISTANSRESPONSIVESLIDER_DIRECTION_NAV_DESC">
					<option value="true">JYES</option>
					<option value="false">JNO</option>
				</field>
				<field name="keyboard" type="radio" default="true" label="MOD_TRISTANSRESPONSIVESLIDER_KEYBOARD" description="MOD_TRISTANSRESPONSIVESLIDER_KEYBOARD_DESC">
					<option value="true">JYES</option>
					<option value="false">JNO</option>
				</field>
			</fieldset>

			<fieldset name="advanced">
				<field name="layout" type="modulelayout" label="JFIELD_ALT_LAYOUT_LABEL"
				description="JFIELD_ALT_MODULE_LAYOUT_DESC"/>
				<field name="moduleclass_sfx" type="text" label="COM_MODULES_FIELD_MODULECLASS_SFX_LABEL"
				description="COM_MODULES_FIELD_MODULECLASS_SFX_DESC"/>
				<field name="cache" type="list" default="1" label="COM_MODULES_FIELD_CACHING_LABEL"
				description="COM_MODULES_FIELD_CACHING_DESC">
					<option value="1">JGLOBAL_USE_GLOBAL</option>
					<option value="0">COM_MODULES_FIELD_VALUE_NOCACHING</option>
				</field>
				<field name="cache_time" type="text" default="900"
				label="COM_MODULES_FIELD_CACHE_TIME_LABEL"
				description="COM_MODULES_FIELD_CACHE_TIME_DESC"/>
				<field name="cachemode" type="hidden" default="itemid">
					<option value="itemid"></option>
				</field>
			</fieldset>
		</fields>
	</config>
</extension>
